timestamp,username,searchQuery,sentement,score,text
2023-10-17T13:21:00.000Z,@Stocktwits,Nvidia,Negative,0.5146853,"Nvidia stock put on slides this morning after reports drop that the Biden administration is tightening restrictions on China's ability to buy advanced semiconductors.

$NVDA -3.75%"
2023-10-27T13:47:00.000Z,@Stocktwits,AMZN,Neutral,0.8747347,"Top Trending stocks & crypto on Stocktwits this morning:

1Ô∏è‚É£ $AMZN 
2Ô∏è‚É£ $SQ
3Ô∏è‚É£ $INTC
4Ô∏è‚É£ $F
5Ô∏è‚É£ $ENPH
6Ô∏è‚É£ $CRSP
7Ô∏è‚É£ $SNY
8Ô∏è‚É£ $DXCM
9Ô∏è‚É£ $ABBV
üîü $CPRX"
2023-10-25T13:47:00.000Z,@Stocktwits,MSFT,Neutral,0.8298818,"Top Trending stocks & crypto on Stocktwits this morning:

1Ô∏è‚É£ $MSFT
2Ô∏è‚É£ $GOOGL üìâ
3Ô∏è‚É£ $ASPA
4Ô∏è‚É£ $AVXL
5Ô∏è‚É£ $SNAP
6Ô∏è‚É£ $GOOG
7Ô∏è‚É£ $BA
8Ô∏è‚É£ $PYPL
9Ô∏è‚É£ $TDOC
üîü $PEPE"
2023-10-24T21:12:00.000Z,@Stocktwits,MSFT,Neutral,0.8146162,"Top Trending stocks & crypto on Stocktwits this evening:

1Ô∏è‚É£ $MSFT
2Ô∏è‚É£ $GOOGL
3Ô∏è‚É£ $SNAP
4Ô∏è‚É£ $GOOG
5Ô∏è‚É£ $COIN
6Ô∏è‚É£ $TDOC
7Ô∏è‚É£ $NIO
8Ô∏è‚É£ $V
9Ô∏è‚É£ $MARA
üîü $IMGN"
2023-10-24T17:58:00.000Z,@Stocktwits,MSFT,Neutral,0.72359663,"Huge day of earnings after market close ft. $GOOG, $V, $SNAP, & $MSFT

Here are the implied moves, estimates, and history for each:"
2023-10-23T13:46:00.000Z,@Stocktwits,MSFT,Neutral,0.87733907,"Top Trending stocks & crypto on Stocktwits this morning:

1Ô∏è‚É£ $MARA
2Ô∏è‚É£ $DOGE
3Ô∏è‚É£ $HARP
4Ô∏è‚É£ $MSFT
5Ô∏è‚É£ $CVX
6Ô∏è‚É£ $FMC
7Ô∏è‚É£ $RVMD
8Ô∏è‚É£ $HES
9Ô∏è‚É£ $PSFE
üîü $ROIV"
2023-10-20T16:26:00.000Z,@Stocktwits,MSFT,Positive,0.51833653,"Epic ad from $MSFT üéÆ

Which company should use the Sphere next?"
2023-10-13T13:33:00.000Z,@Stocktwits,MSFT,Neutral,0.7676628,"Just In: After 19 months the $MSFT & $ATVI acquisition has been approved by regulators.

Trading of $ATVI has been halted."
2023-10-11T20:40:00.000Z,@Stocktwits,MSFT,Neutral,0.88100284,"Top Trending stocks & crypto on Stocktwits this evening:

1Ô∏è‚É£ $TPST
2Ô∏è‚É£ $LKNCY
3Ô∏è‚É£ $LLY
4Ô∏è‚É£ $SPY
5Ô∏è‚É£ $MSFT
6Ô∏è‚É£ $BIRK
7Ô∏è‚É£ $AKRO
8Ô∏è‚É£ $REQ
9Ô∏è‚É£ $NVO
üîü $HSDT"
2023-08-30T15:53:00.000Z,@Stocktwits,MSFT,Neutral,0.50040716,OpenAi reportedly reaching $1 billion in annual revenue $MSFT
2023-08-28T17:13:00.000Z,@Stocktwits,MSFT,Neutral,0.5970351,"BREAKING: OpenAI launched ChatGPT Enterprise, the AI chatbot‚Äôs business tier. $MSFT"
2023-10-31T20:48:00.000Z,@Stocktwits,NVDA,Neutral,0.8511788,"Top Trending stocks & crypto on Stocktwits this evening:

1Ô∏è‚É£ $AMD üî•
2Ô∏è‚É£ $FSLR
3Ô∏è‚É£ $PAYC
4Ô∏è‚É£ $CRSP
5Ô∏è‚É£ $CELH
6Ô∏è‚É£ $MTCH
7Ô∏è‚É£ $CZR
8Ô∏è‚É£ $CAT
9Ô∏è‚É£ $NVDA
üîü $LTHM"
2023-10-31T14:14:00.000Z,@Stocktwits,NVDA,Negative,0.80724084,"$NVDA caught in a bear market?

The stock is now down 20% from its recent highs."
2023-10-30T15:08:00.000Z,@Stocktwits,TSLA,Neutral,0.84215707,$TSLA fighting to hold onto 200 level
2023-10-19T17:43:00.000Z,@Stocktwits,NVDA,Neutral,0.5258362,"$NVDA CEO on if he would start the company over again:

‚ÄúI wouldn‚Äôt do it.‚Äù"
2023-10-25T15:26:00.000Z,@Stocktwits,TSLA,Neutral,0.63259196,"‚ö°Ô∏èJust In: $GM & $HMC scrap plans to co-develop 'affordable' EVs as market demand weakens.

What does this mean for $TSLA?"
2023-10-18T13:44:00.000Z,@Stocktwits,NVDA,Neutral,0.87777245,"Top Trending stocks & crypto on Stocktwits this morning:

1Ô∏è‚É£ $SPR
2Ô∏è‚É£ $UAL
3Ô∏è‚É£ $NFLX
4Ô∏è‚É£ $NVDA
5Ô∏è‚É£ $VKTX
6Ô∏è‚É£ $NVAX
7Ô∏è‚É£ $PG
8Ô∏è‚É£ $MS
9Ô∏è‚É£ $ABT
üîü $MRNA"
2023-10-20T15:48:00.000Z,@Stocktwits,TSLA,Neutral,0.85990393,$TSLA Place your bets...
2023-10-19T14:49:00.000Z,@Stocktwits,TSLA,Neutral,0.90385675,üîë $TSLA Key levels to watch:
2023-10-19T13:43:00.000Z,@Stocktwits,TSLA,Neutral,0.87200063,"Top Trending stocks & crypto on Stocktwits this morning:

1Ô∏è‚É£ $NFLX
2Ô∏è‚É£ $AAL
3Ô∏è‚É£ $T
4Ô∏è‚É£ $TSLA
5Ô∏è‚É£ $TSM
6Ô∏è‚É£ $ROKU
7Ô∏è‚É£ $ALGO
8Ô∏è‚É£ $BEAM
9Ô∏è‚É£ $OTMO
üîü $UNP"
2023-10-17T13:48:00.000Z,@Stocktwits,NVDA,Neutral,0.8759694,"Top Trending stocks & crypto on Stocktwits this morning:

1Ô∏è‚É£ $NVDA
2Ô∏è‚É£ $LCID
3Ô∏è‚É£ $SPRC
4Ô∏è‚É£ $BAC
5Ô∏è‚É£ $LULU
6Ô∏è‚É£ $MRNA
7Ô∏è‚É£ $GS
8Ô∏è‚É£ $AMD
9Ô∏è‚É£ $IWM
üîü $SOXL"
2023-10-18T20:45:00.000Z,@Stocktwits,TSLA,Neutral,0.88568866,"Top Trending stocks & crypto on Stocktwits this evening:

1Ô∏è‚É£ $TSLA
2Ô∏è‚É£ $NFLX
3Ô∏è‚É£ $ROKU
4Ô∏è‚É£ $AVXL
5Ô∏è‚É£ $ADTX
6Ô∏è‚É£ $LRCX
7Ô∏è‚É£ $LVS
8Ô∏è‚É£ $CCI
9Ô∏è‚É£ $ARKK
üîü $CRSP"
2023-10-18T20:14:00.000Z,@Stocktwits,TSLA,Neutral,0.62372655,"‚ö°Ô∏èTesla stock undisturbed in the after hours following a double miss on their report. 

Rev: $23.4B vs $24.06B est.
EPS: $0.66 vs $0.74 est.

$TSLA +0.5%"
2023-10-18T11:54:00.000Z,@Stocktwits,TSLA,Positive,0.7080822,"Good Morning!

It's another big day of earnings with financials reporting now and big names, such as $NFLX & $TSLA coming in later tonight.

Here's the earnings action so far from this morning:

$MS üìâ
Rev: $13.27B vs $12.58B est.
EPS: $1.38 vs $1.22 est.

$USB üìâ
Rev: $7.03B vs $7.02B est.
Adj. EPS: $1.05 vs $1.02 est.

$ALLY üìâ
Rev: $2.03B vs $2.06B est.
Adj. EPS: $0.83 vs $0.80 est.

$NTRS üìà
Rev: $1.74B vs $1.75B est.
EPS: $1.49 vs $1.47 est."
2023-09-28T19:05:00.000Z,@Stocktwits,NVDA,Neutral,0.65995073,"Just In: $NVDA offices were raided yesterday by French regulators due to fears of anticompetitive practices.

We'll see how much this matters as $NVDA stock continues to move higher on the day."
2023-10-16T11:39:00.000Z,@Stocktwits,TSLA,Positive,0.98303425,"Good Morning!

We have an exciting week ahead of us as earnings season gets off the ground.

$TSLA & $NFLX are both set to release reports after market close on Wednesday."
2023-09-28T16:14:00.000Z,@Stocktwits,NVDA,Neutral,0.53930473,"$AMD is trading higher today after Lisa Su made comments saying she's ""not a believer in moats.""

That quote is creating a lot of drama on our streams. 

Are moats real? Do you agree that $NVDA has no AI moat?"
2023-09-07T12:14:00.000Z,@Stocktwits,NVDA,Positive,0.9516217,"Learn how to separate signal from noise, love this analysis on $NVDA from @user"
2023-10-06T15:47:00.000Z,@Stocktwits,TSLA,Positive,0.48329064,A $TSLA now costs less than the average car ü§Ø
2023-09-05T19:43:00.000Z,@Stocktwits,NVDA,Positive,0.7957345,Shoutout $NVDA for saving our portfolios
2023-10-06T12:24:00.000Z,@Stocktwits,TSLA,Neutral,0.6247405,"When $TSLA originally announced the Model 3, they promised a $35,000 car. 

The company is slowly getting back to that target price after announcing further cuts on US prices of Model 3 & Y units.

Current Prices:
‚Ä¢ Model 3 sedan: $38,990
‚Ä¢ Model Y long-range: $48,490"
2023-10-04T22:03:00.000Z,@Stocktwits,TSLA,Neutral,0.8917784,"Top Trending stocks & crypto on Stocktwits this evening:

1Ô∏è‚É£ $RIVN
2Ô∏è‚É£ $LAC
3Ô∏è‚É£ $XOM
4Ô∏è‚É£ $SAVA
5Ô∏è‚É£ $TSLA
6Ô∏è‚É£ $NUVL
7Ô∏è‚É£ $USO
8Ô∏è‚É£ $AMD
9Ô∏è‚É£ $ACCD
üîü $AGNC"
2023-08-25T13:25:00.000Z,@Stocktwits,NVDA,Neutral,0.60329133,Imagine having to call Goldman Sachs for analysis when you could just be on the Stocktwits $NVDA stream...
2023-10-02T13:38:00.000Z,@Stocktwits,TSLA,Neutral,0.88756514,"Top Trending stocks & crypto on Stocktwits this morning:

1Ô∏è‚É£ $TSLA
2Ô∏è‚É£ $RIVN
3Ô∏è‚É£ $BTC
4Ô∏è‚É£ $PDSB
5Ô∏è‚É£ $RIOT
6Ô∏è‚É£ $ETH
7Ô∏è‚É£ $COIN
8Ô∏è‚É£ $SNDX
9Ô∏è‚É£ $SLV
üîü $XPEV"
2023-08-24T22:13:00.000Z,@Stocktwits,NVDA,Negative,0.52957076,"In Today's DailyRip:

Can‚Äôt Spell Failure Without AI

$NVDA‚Äôs blockbuster results and artificial intelligence (AI) optimism failed to satisfy sky-high expectations. Sellers came in early and kept pressure on stocks all day, closing the major indexes at their lows."
2023-10-31T05:01:00.000Z,@ftfinancenews,Nvidia,Neutral,0.67731225,Supercharged Tesla and Nvidia bets sold through single-stock ETFs on.ft.com/46RVCtc
2023-10-26T20:09:00.000Z,@Stocktwits,AMZN,Positive,0.94363475,"Amazon delivering good news to bulls as their stock climbs higher off its top and bottom line beat.

Rev: $143.08B vs $141.56B est.
EPS: $0.94 vs $0.81 est.

$AMZN +3.5% in after-hours trading."
2023-08-28T12:54:00.000Z,@SquawkCNBC,Nvidia,Positive,0.6488255,"""What $NVDA has done is tainted some of investors' expectations about some big tech,"" says @user ""@Nvidia's unchallenged. It's going to put Nvidia in a great spot for the next 3 years. I suspect the stock is going to move higher as it plays itself out."""
2023-10-26T20:48:00.000Z,@Stocktwits,AMZN,Neutral,0.8826894,"Top Trending stocks & crypto on Stocktwits this evening:

1Ô∏è‚É£ $AMZN 
2Ô∏è‚É£ $ENPH
3Ô∏è‚É£ $INTC
4Ô∏è‚É£ $F
5Ô∏è‚É£ $SOFI
6Ô∏è‚É£ $CMG
7Ô∏è‚É£ $QQQ
8Ô∏è‚É£ $DXCM
9Ô∏è‚É£ $CPRX
üîü $MO"
2023-10-26T19:03:00.000Z,@Stocktwits,AMZN,Neutral,0.626219,"$AMZN is trading down a bit before their earnings drop after the bell. The market is expecting an implied move of ~6.80% following its report.

Amazon has beat on 3 out if its last 4 reports."
2023-10-23T20:07:00.000Z,@Stocktwits,Nvidia,Positive,0.81023073,"üíª Just In: $ARM trading higher on news that $NVDA will use their tech to power new Nvidia PC chips. 

Key Points:
‚Ä¢ Nvidia & Arm chips could see release as soon as 2025.
‚Ä¢ Arm chips are more power efficient than current generation intel tech."
2023-08-24T14:54:00.000Z,@Stocktwits,Nvidia,Neutral,0.60612404,AI dumping following Nvidia earnings
2023-08-24T18:29:00.000Z,@Stocktwits,Nvidia,Neutral,0.6187729,Nvidia on their earnings call before letting down the market
2023-10-24T20:09:00.000Z,@Stocktwits,Alphabet,Negative,0.5591306,"Alphabet moving lower following disappointing numbers despite a double beat on top and bottom line.

Rev: $64.05B vs $63.04B est.
EPS: $1.55 vs $1.45 est.

$GOOGL -4.22%"
2023-10-25T20:58:00.000Z,@Stocktwits,AMZN,Neutral,0.8876848,"Top Trending stocks & crypto on Stocktwits this evening:

1Ô∏è‚É£ $META
2Ô∏è‚É£ $DOGE
3Ô∏è‚É£ $QS
4Ô∏è‚É£ $SAVA
5Ô∏è‚É£ $AMZN
6Ô∏è‚É£ $SHIB
7Ô∏è‚É£ $ASPA
8Ô∏è‚É£ $ALGN
9Ô∏è‚É£ $ARKK
üîü $NOW"
2023-09-27T01:00:00.000Z,@MadMoneyOnCNBC,Alphabet,Neutral,0.7671316,".@jimcramer on Tuesday shared his opinions on two antitrust lawsuits involving Amazon and Alphabet-owned Google, arguing that neither company is a true monopoly.
cnbc.com/2023/09/26/cramer-a‚Ä¶"
2023-08-23T23:16:00.000Z,@Stocktwits,Nvidia,Positive,0.8493709,"In Today's DailyRip:

$NVDA Delivers As Bonds Stabilize

Technology stocks continued to lead the market‚Äôs rebound as bonds stabilized, extending gains after the bell following Nvidia‚Äôs better-than-expected results."
2023-08-24T11:47:00.000Z,@Stocktwits,Nvidia,Positive,0.8850629,"Good Morning!

Nvidia is set to open up big today if price holds through the pre market.

What is another stock that will outperform the market today?"
2023-10-26T11:56:00.000Z,@SquawkCNBC,META ,Neutral,0.62052447,"HAPPENING NOW:
- $META stock down after issuing light guidance
- $IXIC 11% below 52-week high as tech stocks struggle
- $UPS cuts annual revenue forcast
- $MRK beats earnings expectations

@TheDomino breaks down this morning's market movers:"
2023-10-26T13:44:00.000Z,@Stocktwits,AMZN,Neutral,0.87729144,"Top Trending stocks & crypto on Stocktwits this morning:

1Ô∏è‚É£ $META
2Ô∏è‚É£ $DOGE
3Ô∏è‚É£ $AMZN
4Ô∏è‚É£ $SAVE
5Ô∏è‚É£ $DIA
6Ô∏è‚É£ $NOW
7Ô∏è‚É£ $VKTX
8Ô∏è‚É£ $SPX
9Ô∏è‚É£ $UAL
üîü $CMCSA"
2023-08-23T20:29:00.000Z,@Stocktwits,Nvidia,Positive,0.65684706,"Nvidia with a massive beat across the board!

Rev: $13.51B vs $11.04B est.
EPS: $2.70 vs $2.07 est.

$NVDA +6.5%"
2023-08-22T01:30:00.000Z,@MadMoneyOnCNBC,Alphabet,Neutral,0.6434886,".@jimcramer rings the lightning round bell, which means he‚Äôs giving his answers to callers‚Äô stock questions at rapid speed. On Monday, he told one caller to buy Google parent Alphabet.
cnbc.com/2023/08/21/cramers-‚Ä¶"
2023-10-30T16:34:00.000Z,@USNewsMoney,META ,Positive,0.96948785,"When Facebook announced a corporate name change to Meta Platforms Inc. (ticker: META) in October 2021, many investors began to realize just how transformative the metaverse could be. These are the best metaverse stocks to buy today. money.usnews.com/investing/a‚Ä¶"
2023-10-23T13:02:00.000Z,@SquawkCNBC,AMZN,Neutral,0.6034608,"""I don't believe in the $AMZN case that the Justice Department is going to prevail. @user got a strong case. The retail market is very competitive,"" says Barton Crockett. ""Our base case when we look at this litigation is that the stocks would probably benefit in a breakup."""
2023-08-22T11:29:00.000Z,@ftfinancenews,Nvidia,Positive,0.7194908,Find someone who loves you like hedge funds love Nvidia on.ft.com/3E5Wo97
2023-10-26T11:51:00.000Z,@Stocktwits,META ,Neutral,0.5056262,"Good Morning!

The market has turned on $META overnight and is sending futures lower after their CFO comments on geopolitical risk effecting ad spend:

""While we don't have direct exposure to Israel and the Middle East, we have observed softer ad spend in the beginning of Q4."""
2023-10-25T20:22:00.000Z,@Stocktwits,META ,Neutral,0.7442149,"Meta whipsawing around to the upside after dropping a top and bottom line beat.

Rev: $34.15B vs $33.52B est.
EPS: $4.39 vs $3.63 est.

$META +5.05% in after hours trading."
2023-07-25T20:15:00.000Z,@Stocktwits,Alphabet,Positive,0.53737986,"Alphabet taking the early lead in after hours action after posting a double beat.

Rev. $74.60B vs. $72.77B est.
EPS: $1.44 vs. $1.32 est. 

$GOOG +4.15%"
2023-08-23T02:00:00.000Z,@MadMoneyOnCNBC,Nvidia,Positive,0.72599137,".@jimcramer on Tuesday reiterated his faith in tech stocks like Nvidia.
cnbc.com/2023/08/22/cramer-c‚Ä¶"
2023-10-19T19:00:00.000Z,@Stocktwits,AMZN,Positive,0.657276,"Walmart CEO is eager to compete vs. $AMZN for e-commerce market share.

‚ÄúAmazon has never been known as the most seller-friendly place to do business... I‚Äôve seen a lot of sellers actually cheering for Walmart because they want an alternative.""

This could get spicy üå∂Ô∏è"
2023-10-23T11:38:00.000Z,@Stocktwits,AMZN,Positive,0.80378014,"Good Morning!

Earnings season is set to begin its slow ramp-up, as 620 companies report this week. 

This week's calendar features: $MSFT, $GOOG, $AMZN, $META,¬†$UPS, $MA, $V, $XOM, $CVX, & $GM."
2023-10-25T20:13:00.000Z,@Stocktwits,META ,Neutral,0.752909,$META ü§®
2023-07-25T14:30:00.000Z,@Stocktwits,Alphabet,Positive,0.8714221,"Microsoft, Alphabet, Visa, and Snapchat are the top four companies reporting earnings today.

Here's what you can expect üé±"
2023-10-18T12:46:00.000Z,@Stocktwits,AMZN,Positive,0.52594554,"‚ö°Ô∏èJust In: $AMZN says it has 10,000 $RIVN electric vans in its delivery fleet. 

Amazon currently has ~100,000 gas vans worldwide, which will be ""slowly retired.‚Äù"
2023-10-05T11:46:00.000Z,@SquawkCNBC,AMZN,Neutral,0.57090664,"HAPPENING NOW:
- $AMZN and $MSFT mixed after UK regulators began probing their cloud dominance
- $XOM shares down despite positive Q3 expectations
- $RIVN down due to guidance coming in below expectations

@FrankCNBC breaks down this morning's market movers:"
2023-10-27T20:39:00.000Z,@Stocktwits,AAPL,Neutral,0.855813,"Top Trending stocks & crypto on Stocktwits heading into the weekend:

1Ô∏è‚É£ $SOFI
2Ô∏è‚É£ $F
3Ô∏è‚É£ $SAVA
4Ô∏è‚É£ $OSTK
5Ô∏è‚É£ $SAVE
6Ô∏è‚É£ $ABBV
7Ô∏è‚É£ $XBI
8Ô∏è‚É£ $CVX
9Ô∏è‚É£ $GLD
üîü $AAPL"
2023-10-25T19:52:00.000Z,@Stocktwits,META ,Neutral,0.55511534,Levels to watch for $META earnings üëá
2023-08-21T20:54:00.000Z,@Stocktwits,Nvidia,Neutral,0.5328947,Nvidia trading right now like it's going to solve all the world problems
2023-10-31T11:52:00.000Z,@SquawkCNBC,Apple,Positive,0.85926104,"""@Apple made a big point last night to highlight people who are still on @user systems which they've been phasing out since 2020,"" says @user on last night's #AppleEvent. ""If you need a new laptop, these are great choices. But you're not upgrading your laptop every year."""
2023-09-28T13:45:00.000Z,@Stocktwits,AMZN,Neutral,0.87564325,"Top Trending stocks & crypto on Stocktwits this morning:

1Ô∏è‚É£ $BNOX (Bitotech runner)
2Ô∏è‚É£ $GME
3Ô∏è‚É£ $MU
4Ô∏è‚É£ $PTON
5Ô∏è‚É£ $TLT
6Ô∏è‚É£ $AMZN
7Ô∏è‚É£ $DWAC
8Ô∏è‚É£ $SSYS
9Ô∏è‚É£ $CHS
üîü $CCJ"
2023-08-21T22:12:00.000Z,@Stocktwits,Nvidia,Positive,0.60088485,"In Today's DailyRip:

Nvidia Lifts Tech Ahead Of Earnings

Nvidia shares led the tech resurgence ahead of its report on Wednesday. Meanwhile, the last bit of earnings continues to roll in this week."
2023-10-25T18:17:00.000Z,@Stocktwits,META ,Neutral,0.64022124,"$META is trading lower today before their report, which is set to come in after the close with an implied move of ~7.5%.

The company has beat on 2 out of their last 4 reports."
2023-10-26T15:40:00.000Z,@Stocktwits,AAPL,Positive,0.79355836,Great look at $AAPL falling below 200d for first time since March...
2023-10-24T14:31:00.000Z,@SquawkCNBC,AAPL,Negative,0.64104754,"""We are barrowing down a road of trying to disengage from China which is not easy to do. And $AAPL will be most hurt,"" says @user ""We're going to have to strike some kind of total equilibrium between total disengagement and total dependence."""
2023-10-11T14:31:00.000Z,@Stocktwits,META ,Positive,0.8518977,Both $META & $GOOGL are making new 52 week highs today üìà
2023-10-12T15:33:00.000Z,@Stocktwits,AAPL,Neutral,0.7041534,Added $AAPL to watchlist ‚åöÔ∏è
2023-10-24T16:50:00.000Z,@SquawkCNBC,Apple,Neutral,0.5670522,"Today's #SquawkPod: @user discusses the tricky terrain for a corporation like @user navigating Chinese and American geopolitics. Plus, Israeli tech entrepreneur Eyal Waldman reflects on the tragic loss of his daughter.

LISTEN: link.chtbl.com/squawk_pod"
2023-08-21T18:23:00.000Z,@Stocktwits,Nvidia,Positive,0.5185337,"Feels like the Nasdaq rests on Nvidia's shoulders right now

$NVDA +7%
$QQQ +1.5%"
2023-09-27T20:11:00.000Z,@SquawkCNBC,AMZN,Neutral,0.54543453,"Today's #SquawkPod: @user Chair @user joins to discuss the FTC and 17 states filing an antitrust lawsuit against @user Khan defends the decision, arguing $AMZN has used its dominance to unfairly harm competition.

LISTEN: link.chtbl.com/squawk_pod"
2023-09-27T13:36:00.000Z,@Stocktwits,AMZN,Neutral,0.87402266,"Top Trending stocks & crypto on Stocktwits this morning:

1Ô∏è‚É£ $LCID
2Ô∏è‚É£ $AMZN
3Ô∏è‚É£ $LUNC ü•¥
4Ô∏è‚É£ $NYC
5Ô∏è‚É£ $COST
6Ô∏è‚É£ $NET
7Ô∏è‚É£ $LRE
8Ô∏è‚É£ $TGT
9Ô∏è‚É£ $BCH
üîü $IONQ"
2023-10-04T11:44:00.000Z,@SquawkCNBC,AAPL,Neutral,0.7365573,"HAPPENING NOW:
- $AAPL shares slip after downgrade by Keybanc
- $INTC on the rise after plan to spin off programmable chip unit
- 10-year Treasury yield trades near levels not seen since 2007

@FrankCNBC breaks down this morning's market movers:"
2023-09-27T15:45:00.000Z,@SquawkCNBC,AMZN,Negative,0.5175484,"""Sellers have to inflate their price not just on $AMZN but also across the rest of the internet,"" says @user ""If you had a platform for a retailer that was more efficient, it would not actually be able to compete on price because of @user anti-discounting tactics."""
2023-09-22T12:11:00.000Z,@SquawkCNBC,AAPL,Positive,0.8152948,"The new $AAPL iPhone launches today. Steve Kovach is live at @user New York City store, where CEO Tim Cook greeted fans."
2023-10-04T16:54:00.000Z,@USNewsMoney,Apple,Neutral,0.43199125,"In 2023, it's difficult to imagine a world of phones and personal electronic devices that is not dominated by Apple. However, way back in 2003, Apple wasn't even in the smartphone business. money.usnews.com/investing/a‚Ä¶"
2023-10-04T13:45:00.000Z,@Stocktwits,META ,Neutral,0.89275974,"Top Trending stocks & crypto on Stocktwits this morning:

1Ô∏è‚É£ $NVAX
2Ô∏è‚É£ $BOIL
3Ô∏è‚É£ $CDT
4Ô∏è‚É£ $FRLN
5Ô∏è‚É£ $LAC
6Ô∏è‚É£ $PLTR
7Ô∏è‚É£ $UNG
8Ô∏è‚É£ $OKTA
9Ô∏è‚É£ $META
üîü $SQ"
2023-09-27T12:07:00.000Z,@Stocktwits,AMZN,Negative,0.6928599,"Good Morning!

Major concern is brewing today in big tech following FTC's lawsuit levied against $AMZN.

As a result the ‚Äúbig five‚Äù tech giants all traded lower. They‚Äôve been driving the market, so weakness here increases the pressure on an already troubled market..."
2023-09-20T13:22:00.000Z,@Stocktwits,AAPL,Neutral,0.75465393,Just In: $AAPL & $GS were planning on stock-trading feature for iPhones until markets turned last year.
2023-09-27T11:19:00.000Z,@SquawkCNBC,Apple,Neutral,0.81211996,"China's cyber watchdog is tightening the leash on app stores, with @user yet to comply. @user joins live from Beijing:"
2023-09-19T12:21:00.000Z,@SquawkCNBC,AAPL,Negative,0.6821612,"""It's very hard for me to see that @user for purposes of driving a streaming business, would want to get into declining linear assets or a theme park business,"" says Tom Rogers on the possibility of $AAPL buying $DIS. ""I think that's highly unrealistic."""
2023-09-22T11:45:00.000Z,@SquawkCNBC,AAPL,Neutral,0.5393307,"$AAPL's latest iPhone is on sale today, which comes as the mega-cap tech company faces mounting challenges around demand in China. @user Dan Flax weighs in:"
2023-08-15T11:13:00.000Z,@SquawkCNBC,Nvidia,Neutral,0.46908113,"""We need to think a lot about $NVDA. As @user goes, so goes AI and so goes the Nasdaq,' says @user ""All eyes are on their data center number. If they exceed that, it's going to send the broader market higher. If they come in line that's going to be a disappointment."""
2023-07-14T14:21:00.000Z,@Stocktwits,Nvidia,Positive,0.7826285,$NVDA Nvidia hits a new all-time high of $480.40 bit.ly/3NUlIDs
2023-09-28T18:21:00.000Z,@Stocktwits,META ,Positive,0.8515688,Have to give some props to $META on their metaverse progress üëè
2023-09-19T12:36:00.000Z,@SquawkCNBC,Apple,Neutral,0.7820438,"""What do you tell @user @user and @user when you are proposing a restricted future with China when it's such an important trading partner?"" @user asks @user"
2023-09-26T19:46:00.000Z,@Stocktwits,AMZN,Neutral,0.5157591,"US Government and 17 States sue $AMZN in Landmark Monopoly Case

Key Points:
‚Ä¢ Amazon is accused of unfairly promoting its own platform and services at the expense of 3rd-party sellers
‚Ä¢ Amazon disputes the claim citing their practice has spurred innovation and reduced prices"
2023-09-29T15:38:00.000Z,@Stocktwits,META ,Neutral,0.72438145,"Meta Smart Glasses: $299 
Apple Vision Pro: $3,499

Which are you buying?"
2023-09-20T12:53:00.000Z,@SquawkCNBC,AAPL,Negative,0.5355695,"BREAKING: Sources say that $AAPL and $GS planned to offer stock trading on iPhones, but the plan was put on hold as the stock market went south. @user joins with more:"
2023-09-26T12:06:00.000Z,@SquawkCNBC,Apple,Neutral,0.75487083,.@Apple's Eddy Cue is set to testify today in the government's antitrust case against $GOOGL. @user Steve Kovach joins with the latest:
2023-09-25T17:56:00.000Z,@Stocktwits,AMZN,Positive,0.6688546,"The AI hype train continues:
1. Wall Street goes all-in on Microsoft's ($MSFT) AI push, as final analyst upgrades stock from sell
2. Amazon ($AMZN) invests $4 billion in OpenAI competitor Anthropic
3. Getty Images ($GETY) unveils an AI generator that uses only its licensed images"
2023-09-27T22:59:00.000Z,@Stocktwits,META ,Neutral,0.5965358,"In Today's DailyRip:

Tech Checked During Meta Connect

Strength in industrial and energy stocks helped push small-caps strongly higher. Meanwhile, the $SPY and $QQQ experienced more volatility during day one of Meta‚Äôs ‚ÄúConnect‚Äù event before turning green on a late-day rally."
2023-09-13T12:23:00.000Z,@SquawkCNBC,Apple,Neutral,0.73443824,"""Will @user switch to USB-C lead to a loss of revenue?"" @user asks Bernstein's Toni Sacconaghi:"
2023-09-13T10:59:00.000Z,@SquawkCNBC,AAPL,Positive,0.8952168,"$AAPL announced the iPhone 15 line of phones complete with USB-C charging, as well a new Apple Watch and updated AirPods yesterday at its product launch event. Steve Kovach and @user breakdown the highlights:"
2023-10-19T13:05:00.000Z,@Stocktwits,Tesla,Neutral,0.8995867,"Tesla has $184 million worth of $BTC on their balance sheet as of Q3. 

What are they going to do with it?"
2023-09-13T12:17:00.000Z,@SquawkCNBC,Apple,Neutral,0.553505,"""Given that the Yuan had weakened, that would have pointed to the fact that @user would have raised the #iPhone price in China. It did not,"" says Bernstein's Toni Sacconaghi. ""That might be a reflection that the Chinese smartphone market is pretty tough right now."""
2023-09-15T19:56:00.000Z,@USNewsMoney,Apple,Positive,0.9702738,Apple is now the most valuable company in the U.S. market with a market cap of nearly $3 trillion. money.usnews.com/investing/s‚Ä¶
2023-09-13T00:15:00.000Z,@MadMoneyOnCNBC,Apple,Negative,0.5288351,".@jimcramer on Tuesday told investors he thinks fear, not any valid reason, is causing tech stocks like Oracle and Apple to fall.
cnbc.com/2023/09/12/-cramer-‚Ä¶"
2023-09-22T17:18:00.000Z,@Stocktwits,AMZN,Neutral,0.69350284,"Just In: $AMZN plans commercial breaks for Prime Video

Key Points:
‚Ä¢ Benchmark is set for 4 minutes of ads per hour watched
‚Ä¢ You can maintain ad-free viewing by paying an additional $2.99 a month"
2023-09-21T20:32:00.000Z,@Stocktwits,AMZN,Neutral,0.8733945,"Top Trending stocks on Stocktwits this evening: 

1Ô∏è‚É£ $LCID
2Ô∏è‚É£ $SPY
3Ô∏è‚É£ $AMZN
4Ô∏è‚É£ $TLT
5Ô∏è‚É£ $CCG
6Ô∏è‚É£ $BOIL
7Ô∏è‚É£ $PYPL
8Ô∏è‚É£ $DG
9Ô∏è‚É£ $TDOC
üîü $SCHL"
2023-09-21T11:30:00.000Z,@SquawkCNBC,AMZN,Neutral,0.58965397,"This week, the @user amped up its lawsuit against $AMZN for making the Prime subscription service too hard to quit. But is it the right battle for regulators to fight? @user weighs both sides of the argument #OTOH."
2023-09-11T22:52:00.000Z,@Stocktwits,AMZN,Positive,0.75513697,"In Today's DailyRip:

Tech Pump Leads Stock Jump

Strength in $TSLA, $AMZN, $META, and several other tech giants helped move the major indexes from a mixed start to a strong close."
2023-09-11T20:11:00.000Z,@Stocktwits,AMZN,Neutral,0.8876304,"The markets are closed. üîï

Here are this evenings trending stocks: $NVAX, $AMZN, $RTX, $TSLA, & $BTC.X"
2023-08-28T12:32:00.000Z,@SquawkCNBC,AMZN,Positive,0.91909164,"""I think @user would be valuable to the right streaming partner,"" says Bruin Capital CEO George Pyne. He explains why he's bullish on a potential deal with $AMZN:"
2023-08-22T16:56:00.000Z,@Stocktwits,AMZN,Neutral,0.7780164,"Only 6 companies in the market have over $1T market cap and here are their annual revenues‚Ä¶ 

$AAPL - $390B
$MSFT - $200B 
Saudi Aramco - $535B
$GOOG - $290B
$AMZN - $540B
$NVDA - $27B, with projections on 8/23 to be $44B

Does this list make sense?"
2023-09-12T20:13:00.000Z,@Stocktwits,AAPL,Neutral,0.86620104,"The markets are closed. üîï 

Here are this evening's trending stocks: $AAPL, $WE, $AUPH, $ORCL, & $GCT"
2023-08-18T19:36:00.000Z,@Stocktwits,AMZN,Negative,0.74095064,"CVS is currently trading at three year lows after it lost business to Mark Cuban‚Äôs Cost Plus Drug Company and Amazon Pharmacy.

Is $CVS doomed to get eaten up by other competitors and $AMZN?"
2023-10-19T11:47:00.000Z,@Stocktwits,Tesla,Neutral,0.4275085,"Good Morning!

Tesla is set to open near key levels after dropping in after hours following their lackluster report and comments from Elon that he's worried about the interest rate environment.

$TSLA stock price is breaking down below support that‚Äôs been intact since May... üò¨"
2023-08-08T10:57:00.000Z,@SquawkCNBC,AMZN,Neutral,0.5490196,"1 in 6 people globally experience infertility.

Today, $AMZN is expanding its fertility and family planning benefits to workers in over 50 countries. @user has an inside look."
2023-08-04T16:03:00.000Z,@Stocktwits,AMZN,Positive,0.5841274,"Amazon has to rally ~32% to get back to its all time highs.

Will $AMZN see new highs by the end of this year?"
2023-08-04T11:10:00.000Z,@SquawkCNBC,AMZN,Neutral,0.6336329,"HAPPENING NOW: 
- $AAPL shares falling as revenue dropped
- $AMZN shares jumping on biggest profit since 2020
- $TUP shares soaring on debt restructuring deal

@TheDomino breaks down this morning‚Äôs market movers."
2023-08-04T10:36:00.000Z,@SquawkCNBC,AMZN,Positive,0.93555206,$AMZN reported its biggest profit since 2020 and issued strong guidance ... @user Brad Erickson on the strong results:
2023-08-03T20:06:00.000Z,@Stocktwits,AMZN,Positive,0.9218223,"Amazon sets us off to an auspicious round of earnings after posting a huge revenue beat.

Rev: $134.38B vs $131.63B est.
EPS: $0.65 

$AMZN +6%"
2023-08-03T18:50:00.000Z,@Stocktwits,AMZN,Positive,0.51602095,$AMZN & $AAPL on top of Stocktwits trending as we head into the close.
2023-08-03T16:29:00.000Z,@Stocktwits,AMZN,Neutral,0.86626786,"Two competing looks at $AMZN earnings after the close today.

Do you favor the bulls or the bears here?"
2023-08-03T14:28:00.000Z,@SquawkCNBC,AMZN,Neutral,0.8781106,$AMZN is reporting its earnings after the closing bell.. JMP Securities‚Äô Nick Jones joins with more:
2023-08-03T11:42:00.000Z,@Stocktwits,AMZN,Positive,0.9330266,"Good Morning! Important day of earnings ahead of us.

$AAPL & $AMZN report after the close."
2023-07-31T12:01:00.000Z,@SquawkCNBC,AMZN,Positive,0.7838364,$AAPL and $AMZN are set to report their quarterly results on Thursday and shares of the two mega-caps are up more than 50% so far this year. @user Craig Johnson on what to expect:
2023-07-26T18:54:00.000Z,@SquawkCNBC,AMZN,Neutral,0.7662195,"Today's #SquawkPod: Oh, Snap! @user weighs in on the $SNAP sell-off, the teetering digital ad market, and the future of @user Plus, a recap of big tech earnings, $AMZN's run-in with regulators, and the Mattel exec. trading Barbie dolls for blue jeans.

LISTEN: link.chtbl.com/squawk_pod"
2023-10-03T12:45:00.000Z,@SquawkCNBC,Tesla,Neutral,0.79165065,"""The @user Cybertruck is coming, the @user next generation Lightning is coming. Is there too much saturation for the electric pickup truck?"" @user asks @user CEO @user"
2023-09-27T21:11:00.000Z,@Stocktwits,META ,Positive,0.9563133,These $META Smart Glasses look insane! They can essentially let you Google anything you are looking at.
2023-10-02T13:08:00.000Z,@Stocktwits,Tesla,Neutral,0.65358794,"Delivery numbers dropped this morning for both $RIVN & $TSLA:

$TSLA Total Deliveries, 435,059 vs. 456,722 est. (MISS)
$RIVN Total Deliveries, 15,564 vs. 14,973 est. (BEAT)

Is Tesla's market dominance up for grabs in the EV space?"
2023-09-12T22:51:00.000Z,@Stocktwits,Apple,Negative,0.6725255,"In Today's DailyRip:

Tech Backtracks Before Inflation Data

Tesla could not save the Nasdaq today, with weakness from Apple, Oracle, and Microsoft dragging stocks lower ahead of tomorrow‚Äôs inflation print."
2023-09-27T13:40:00.000Z,@SquawkCNBC,Tesla,Neutral,0.49585488,"""Does automation create more jobs in the aggregate or does it destroy jobs? What we know is it will decimate assembly line worker jobs even if it might lead to a more productive economy,"" says @user ""$TSLA is building @user"
2023-10-25T11:55:00.000Z,@Stocktwits,Microsoft,Positive,0.8364422,"Good Morning!

It was a tale of two cloud businesses last night as $GOOG & $MSFT diverged following ERs.

The generative AI-focused platform on Microsoft's cloud continues to impress customers where as Google's ""third rate"" cloud biz disappoints.

üìà $MSFT +3.75%
üìâ $GOOG -5.90%"
2023-09-12T17:27:00.000Z,@Stocktwits,Apple,Positive,0.912623,Our reaction when Apple releases the same phone for another year at #AppleEvent
2023-09-12T11:20:00.000Z,@Stocktwits,Apple,Positive,0.9755961,"Good Morning!

Apple will be the big player in focus today as they unveil the new iPhone 15 and more during their 'Wonderlust' event that begins today at 1PM EST.

Raise your hand if you're going to be buying the new iPhone ‚úã"
2023-09-12T17:44:00.000Z,@Stocktwits,Apple,Positive,0.44138843,Apple's YouTube stream of #AppleEvent is receiving a surprising amount of 'Dislikes' relative to 'Likes'
2023-09-11T12:52:00.000Z,@SquawkCNBC,Apple,Neutral,0.5406789,"""If @user is able to straddle this delicate line between Beijing and Washington, and add value to their economies, I think they're going to be able to do that,"" says @user Dan Flax. ""I worry more about their ability to innovate and execute on the product cycles."""
2023-09-08T00:15:00.000Z,@MadMoneyOnCNBC,Apple,Neutral,0.5346809,".@jimcramer told investors not to sell Apple, saying he has confidence the company will adapt even if China has banned iPhones for its government employees.
cnbc.com/2023/09/07/cramer-s‚Ä¶"
2023-09-07T22:50:00.000Z,@Stocktwits,Apple,Neutral,0.56367564,"In Today's DailyRip:

Apple Leads Tech Lower

Technology shares continued to lead the market‚Äôs weakness, while defensive sectors like utilities and healthcare caught a bid."
2023-09-06T17:58:00.000Z,@Stocktwits,Apple,Neutral,0.5872402,"Apple leading the market lower heading into the close.

$AAPL -3.5%"
2023-08-21T14:42:00.000Z,@USNewsMoney,Apple,Positive,0.92106545,Here‚Äôs a look at 10 money-management apps and where each excels. All are compatible with Apple and Android devices unless otherwise noted. money.usnews.com/money/perso‚Ä¶
2023-08-04T11:28:00.000Z,@SquawkCNBC,Apple,Negative,0.66642636,$AAPL shares are weaker this morning after overall sales dropped. @user Will Power joins with more on @user prospects:
2023-08-04T00:20:00.000Z,@MadMoneyOnCNBC,Apple,Neutral,0.68174446,".@jimcramer on Thursday examined consumer behavior before and after the pandemic, grappling with this tricky topic in the wake of two huge companies‚Äô after market close earnings reports, Apple and Amazon.
cnbc.com/2023/08/03/cramer-t‚Ä¶"
2023-08-03T20:36:00.000Z,@Stocktwits,Apple,Neutral,0.4979882,"Apple stock is behaving like a rock after posting a top and bottom line beat but missing slightly on iPhone revenue.

Rev: $81.8B vs $81.55B est.
EPS: $1.26 vs $1.20 est.

$AAPL flat in after hours"
2023-07-19T16:30:00.000Z,@Stocktwits,Apple,Neutral,0.85376686,$AAPL Apple GPT? ü§ñ
2023-09-13T12:35:00.000Z,@SquawkCNBC,Tesla,Neutral,0.51697046,"""@elonmusk has a huge competitive advantage at $TSLA in terms of making the EVs. Are you are going to be able to compete on a relative basis with a lean and mean Tesla when you are asking for 40% increase in wages?"" @user asks @user President Shawn Fain."
2023-09-12T16:21:00.000Z,@Stocktwits,AAPL,Positive,0.7517048,$AAPL strategy meeting ahead of #AppleEvent
2023-10-24T20:05:00.000Z,@Stocktwits,Microsoft,Positive,0.7855205,"Microsoft ramping in the after hours after posting strong results with a double beat.

Rev: $56.5B vs $54.4B est.
EPS: $2.99 vs $2.65 est.

$MSFT +5%"
2023-09-12T10:46:00.000Z,@SquawkCNBC,AAPL,Positive,0.53688055,"$AAPL's annual iPhone event kicks off today. @user Barton Crockett has a preview of the event and weighs in on the company's new ""made in India"" phone."
2023-09-13T19:02:00.000Z,@SquawkCNBC,Tesla,Neutral,0.773696,"Today's #SquawkPod: Billionaire investor Ron Baron shares insights on his significant investments in @user ventures, including @user and @user Plus, Detroit faces a looming auto workers strike and CPI records a 3.7% YoY increase.

LISTEN: link.chtbl.com/squawk_pod"
2023-09-18T10:29:00.000Z,@SquawkCNBC,Tesla,Neutral,0.46024182,"""@elonmusk's presence is looming over the @user strike,"" says @user @user ""From day one, Elon wins because it's cheaper to build a Tesla...It's a race to make electric vehicles profitable and $TSLA is doing that. The likes of Ford are not."""
2023-09-11T12:42:00.000Z,@SquawkCNBC,AAPL,Positive,0.64031607,$QCOM is announcing it will supply $AAPL iPhone 5G modem chips throughout 2026. @user joins with more:
2023-09-08T11:50:00.000Z,@SquawkCNBC,AAPL,Neutral,0.60050416,"HAPPENING NOW:
- $AAPL falls this week on China iPhone ban concerns
- $RH posts lower-than-expected guidance
- $DOCU beats on the top and bottom lines

@FrankCNBC has the #MorningMovers:"
2023-09-12T17:48:00.000Z,@SquawkCNBC,Tesla,Neutral,0.81791025,"Today's #SquawkPod: @user discusses his latest biography on @user and discusses the purchase of Twitter, a heated exchange between the Tesla CEO and Bill Gates, and what‚Äôs behind Musk‚Äôs controversial midnight posts on X.

LISTEN: link.chtbl.com/squawk_pod"
2023-09-07T13:17:00.000Z,@Stocktwits,Tesla,Positive,0.59172726,"Tesla stream remains bullish on the stock in spite of recent price action and move lower in pre market.

$TSLA -3%"
2023-09-27T20:43:00.000Z,@Stocktwits,META ,Neutral,0.8900153,"Top Trending stocks & crypto on Stocktwits this evening:

1Ô∏è‚É£ $MU
2Ô∏è‚É£ $META
3Ô∏è‚É£ $LRE
4Ô∏è‚É£ $XOM
5Ô∏è‚É£ $TRB
6Ô∏è‚É£ $ACAD
7Ô∏è‚É£ $NEE
8Ô∏è‚É£ $SLNO
9Ô∏è‚É£ $ATLX
üîü $CNXC"
2023-09-08T11:50:00.000Z,@SquawkCNBC,AAPL,Neutral,0.73829806,.@WaltLightShed is the only analyst on the Street with a sell rating on $AAPL. He defends his thesis:
2023-10-13T12:48:00.000Z,@SquawkCNBC,Microsoft,Positive,0.706428,"""Once we started to think about how much of an advantage it would be to be a part of @user after that we never thought it was anything other than a good idea,"" says $ATVI CEO @user ""We never thought there was any reason why these two companies couldn't combine."""
2023-09-07T11:41:00.000Z,@Stocktwits,AAPL,Neutral,0.74741364,Where would $AAPL stock price be if Steve Jobs was still CEO?
2023-09-26T08:57:00.000Z,@ftfinancenews,META ,Neutral,0.63237166,Meta pays ¬£149mn to break London office lease on.ft.com/3rrdMlY
2023-09-21T13:33:00.000Z,@Stocktwits,META ,Neutral,0.8836735,"Top Trending stocks on Stocktwits this morning: 

1Ô∏è‚É£ $AUPH
2Ô∏è‚É£ $DTOC
3Ô∏è‚É£ $SPLK
4Ô∏è‚É£ $MURF
5Ô∏è‚É£ $NEPT
6Ô∏è‚É£ $UPTD
7Ô∏è‚É£ $AMD
8Ô∏è‚É£ $TLT
9Ô∏è‚É£ $META
üîü $CSCO"
2023-08-29T12:43:00.000Z,@SquawkCNBC,META ,Neutral,0.7837773,"NEW ALERT:
$META has fresh details on its effort to combat a large-scale Chinese disinformation campaign. @user reports:"
2023-08-17T20:07:00.000Z,@Stocktwits,META ,Neutral,0.47011685,"There is reason to believe more downside is to come for $META

Love this TA from @user"
2023-08-17T11:11:00.000Z,@SquawkCNBC,META ,Positive,0.8242749,"""We started off the year with a pretty big rally in mega tech, for good reasons because the stocks got so beaten down last year. Set-ups are a bit tougher now. Fundamentals still haven't' recovered,"" says Mark Mahaney. ""I really like $META as a stock. It's our #3 pick."""
2023-08-11T11:52:00.000Z,@SquawkCNBC,META ,Negative,0.8541246,"""Advertisers are not working with $GOOGL or $META because they love the brand,"" says @user CEO @user ""In fact, they probably dislike them even more than they fear content moderation on @user The reason they buy @user and @user is because it just bloody works."""
2023-08-08T17:02:00.000Z,@Stocktwits,META ,Positive,0.974477,"Great share on our $META stream today. 

Could this year have gone any better for Zuck?"
2023-08-02T11:21:00.000Z,@SquawkCNBC,META ,Positive,0.66950166,"Social media stocks have been on a run so far this year.. $PINS is up 16%, $META is up 166%, and $SNAP up 25%...@KamranAnsari breaks down the competition:"
2023-07-27T14:09:00.000Z,@Stocktwits,META ,Positive,0.8261186,"Is this the most impressive chart of the year? 

$META +160% YTD"
2023-07-27T10:51:00.000Z,@SquawkCNBC,META ,Positive,0.50930613,"""[Zuckerberg] is getting some leash to run with his dreams right now,"" says @user Brad Erickson on $META. ""As long as the core business and the expansion continues to grow, that's going to allow investors to underwrite these other projects because it's not impacting earnings."""
2023-07-26T20:10:00.000Z,@Stocktwits,META ,Positive,0.55652606,"Double beat sends meta higher in after hours.

Rev: $32B vs. $31.12B est.
EPS: $2.98 vs. $2.89 est. 

$META +6.5%"
2023-07-26T19:25:00.000Z,@Stocktwits,META ,Neutral,0.48837942,"ANOTHER HUGE ROUND OF EARNINGS TONIGHT

$META is the main player in the spotlight and stock could be in for some trouble..."
2023-07-21T11:36:00.000Z,@SquawkCNBC,META ,Neutral,0.6935749,"BREAKING: President Biden will meet today with tech executives from seven companies including @user and $META on the development of ""safe"" AI technology. @user joins with more:"
2023-07-12T20:08:00.000Z,@Stocktwits,META ,Positive,0.588362,"Big Tech Leads the Way in 2023 

$META $AAPL $AMZN $NFLX $MSFT $GOOGL $NVDA"
2023-07-12T18:00:00.000Z,@Stocktwits,META ,Positive,0.7131269,$META is up over 200% in the last 9 months bit.ly/3BqjEi3
2023-07-07T18:06:00.000Z,@SquawkCNBC,META ,Neutral,0.49705157,"Today's #SquawkPod:
- @user on @user lawsuit against @user @user and @user discuss AI and the job market
- June jobs report comes in below expectations

LISTEN: link.chtbl.com/squawk_pod"
2023-07-07T11:58:00.000Z,@SquawkCNBC,META ,Positive,0.8104001,"""Companies have been talking about embedding AI functionality into their product suite for years,"" says Paul Meeks on tech stocks. ""Right now $NVDA is getting all the love and probably deserves it. The only two that I think are reasonable valuations now are $META and $GOOGL."""
2023-07-07T10:45:00.000Z,@SquawkCNBC,META ,Negative,0.50060576,"Is #Threads the 'Twitter Killer?'

@Semafor's @user has an inside look at @user threat to sue @user over its new text-based 'copycat' social media app."
2023-07-06T18:26:00.000Z,@Stocktwits,META ,Neutral,0.8025081,$META üëÄüëÄüëÄ
2023-09-27T18:27:00.000Z,@Stocktwits,META ,Neutral,0.50914836,"Meta was the last of the ""MAG7"" stocks to hold strong for this week. 

All it took was for Zuck to begin speaking at their 'Meta Connect' event to send the stock lower.

$META is currently down 2.75% on the day."
2023-09-08T11:50:00.000Z,@SquawkCNBC,AAPL,Negative,0.55461514,"$AAPL shares were rattled this week on news that China is restricting government employees from using foreign mobile devices, including the iPhone. @user reports:"
2023-07-06T11:21:00.000Z,@SquawkCNBC,META ,Neutral,0.81342006,"HAPPENING NOW:
- $META shares up after launching #Threads
- $AFRM downgraded by Piper Sandler to underweight
- $BLK CEO Larry Fink calls $BTC an international asset

@TheDomino breaks down this morning's market movers:"
2023-09-22T13:34:00.000Z,@Stocktwits,META ,Neutral,0.85625905,"Top Trending stocks on Stocktwits this morning: 

1Ô∏è‚É£ $CCG
2Ô∏è‚É£ $CETX
3Ô∏è‚É£ $MLGO
4Ô∏è‚É£ $META
5Ô∏è‚É£ $YANG
6Ô∏è‚É£ $INDI
7Ô∏è‚É£ $ATVI
8Ô∏è‚É£ $ACH.X
9Ô∏è‚É£ $BYND
üîü $LUNC.X"
2023-10-09T12:59:00.000Z,@Stocktwits,Microsoft,Neutral,0.54105586,"Satya Nadella, CEO of $MSFT, gave a hard hitting testimony last week on $GOOGL antitrust case.

""Microsoft is trapped in a ‚Äúvicious cycle‚Äù where Google uses its roughly 90% market share to continually improve its search results... which in turn further reinforces its monopoly."""
2023-09-07T11:19:00.000Z,@Stocktwits,AAPL,Positive,0.559074,"Good Morning!

All eyes are on Apple today as it continues to sell off before the open following news that China plans on extending its ban of the iPhone to more government positions.

$AAPL -3% pre market"
2023-09-01T11:37:00.000Z,@Stocktwits,Tesla,Positive,0.91564435,"Good Morning and Happy Friday folks!

Bullish energy all over the $TSLA stream today on news that they have cut prices across the board on their products.

How long until every car on the road is a Tesla?"
2023-09-06T14:52:00.000Z,@Stocktwits,AAPL,Neutral,0.5354121,"China Bans IPhone Use for Government Officials at Work

$AAPL -3% today‚Ä¶"
2023-08-25T13:19:00.000Z,@Stocktwits,AAPL,Neutral,0.8328283,"Where $AAPL goes, the market follows.

Place your bets..."
2023-08-18T17:07:00.000Z,@Stocktwits,AAPL,Neutral,0.7010356,Added $AAPL to watchlist ‚åö
2023-08-04T23:02:00.000Z,@Stocktwits,AAPL,Negative,0.6224668,"In Today's DailyRip:

Bulls Take A Summer Friday

The $SPY posted its largest weekly decline in five months and the third largest of the year, led by $AAPL and $QQQ weakness.

This issue covers:
- $NKLA + $FSR volatility
- Real estate tech firms collapse
- Cyber sector woes"
2023-08-04T10:35:00.000Z,@SquawkCNBC,AAPL,Neutral,0.6688949,"$AAPL Q3 results beat Wall Street expectations, but overall sales were down 1% and CFO expects a continuing sales drop this quarter as well‚Ä¶@BankofAmerica's Wamsi Mohan joins us with more:"
2023-08-03T12:36:00.000Z,@SquawkCNBC,AAPL,Neutral,0.8320832,$AAPL is set to report quarterly results after the closing bell today‚Ä¶ @user analyst David Vogt joins us with a preview:
2023-08-03T12:10:00.000Z,@Stocktwits,AAPL,Neutral,0.9300005,Do you think he is following $AAPL earnings tonight?
2023-08-02T22:48:00.000Z,@Stocktwits,AAPL,Neutral,0.5278906,"In Today's DailyRip:

Fitch‚Äôs Blow Sends Stocks Low 

Yesterday‚Äôs downgrade of the US credit rating pushed up interest rates further, tumbling stocks in the process.

This issue covers:
- $AAPL pre-earnings trend break
- Quarterly results ft. $HOOD
- $SEDG hanging onto the edge"
2023-08-02T18:51:00.000Z,@Stocktwits,AAPL,Positive,0.62580085,With $AAPL up over 50% year-to-date...does this trendline break matter ahead of tomorrow's earnings?
2023-08-23T18:25:00.000Z,@Stocktwits,Microsoft,Positive,0.8944103,"In case you missed it, $VCIG stock is up 110% and trending today on news it will collab with Microsoft‚Äôs OpenAI."
2023-07-19T20:22:00.000Z,@Stocktwits,Tesla,Positive,0.7881008,"$TSLA Tesla beats expectations with $24.9B in revenue, EPS of $0.91"
2023-07-18T16:21:00.000Z,@Stocktwits,Microsoft,Positive,0.888004,$MSFT Microsoft hits a record high of $361.90 following the announcement of a $30/user monthly fee for AI Copilot in Microsoft 365 ü§ñ
2023-07-21T01:00:00.000Z,@MadMoneyOnCNBC,Tesla,Neutral,0.53847295,".@jimcramer said he thinks tech giants Netflix and Tesla are only temporarily down and will eventually come back up.
cnbc.com/2023/07/20/netflix-‚Ä¶"
2023-07-25T14:26:00.000Z,@ftfinancenews,Tesla,Negative,0.7737859,3x Tesla ETP fails to deliver promised returns in June on.ft.com/44AeWKi
2023-07-19T17:33:00.000Z,@Stocktwits,Tesla,Neutral,0.6420035,$TSLA Will Tesla hit $300 after earnings today? ‚ö°Ô∏è
2023-07-19T12:11:00.000Z,@SquawkCNBC,Tesla,Neutral,0.49977675,"""Traditional automotive people don't understand $TSLA's valuation. A lot of what's built in there is the hope and excitement for the future of @user whether it's electric cars, robo taxis, humanoid taxis,"" says @user ""They're betting on this future vision of @user"
2023-07-19T10:48:00.000Z,@SquawkCNBC,Tesla,Positive,0.6788291,.@Tesla reporting after the close today and expected to post record revenue. @user joins with more:
2023-07-03T12:54:00.000Z,@Stocktwits,Tesla,Positive,0.8249549,"$TSLA Tesla Q223 deliveries are up 83% YoY at 466,140, crushing expectations,+5.6% in pre-market"
2023-07-03T10:54:00.000Z,@SquawkCNBC,Tesla,Positive,0.8351841,".@Tesla beat analyst expectations with its Q2 delivery numbers, reporting 466,140 deliveries and production of 479,700 vehicles. @user joins with more:"
2023-08-22T11:02:00.000Z,@SquawkCNBC,Microsoft,Neutral,0.9007172,BREAKING: @user submits new @user takeover deal to British regulator after initial block. @user Steve Kovach joins with more:
2023-07-20T04:02:00.000Z,@ftfinancenews,Microsoft,Neutral,0.7405398,Microsoft takes merger arbs for a ride on.ft.com/3Y11xZf
2023-08-08T14:16:00.000Z,@Stocktwits,Microsoft,Neutral,0.5812347,Imagine not including Microsoft as part of FAANG
2023-07-17T11:39:00.000Z,@SquawkCNBC,Microsoft,Negative,0.5614808,The FTC failed in its last-ditch effort to block @user from buying @user @user Steve Kovach joins with more:
2023-07-19T12:50:00.000Z,@Stocktwits,Microsoft,Neutral,0.89542574,"$MSFT $ATVI Microsoft, Activision extend merger agreement deadline to October 18"
2023-08-10T16:23:00.000Z,@Stocktwits,Tesla,Neutral,0.599601,"Tesla production & deliveries vs $RIVN vs $LCID

$TSLA is the clear favorite while Lucid demand looks weakest"
2023-08-03T16:53:00.000Z,@ftfinancenews,Microsoft,Neutral,0.59193593,London Stock Exchange Group teams up with Microsoft to develop AI models on.ft.com/3q8wTRr
2023-10-25T22:29:00.000Z,@Stocktwits,GOOG,Negative,0.7136899,"In Today's DailyRip:

Nasdaq 100 Follows Peers Lower

$GOOG posted its worst down day since the start of the pandemic, causing $QQQ to finally break through its Sept. lows. After weeks of bucking the broader weakness, it‚Äôs finally ‚Äúcatching down‚Äù to the rest of the stock market."
2023-10-06T20:21:00.000Z,@Stocktwits,GOOG,Neutral,0.8838562,"Top Trending stocks & crypto on Stocktwits this evening: 

1Ô∏è‚É£ $ALXO
2Ô∏è‚É£ $AVXL
3Ô∏è‚É£ $ETH
4Ô∏è‚É£ $BAD
5Ô∏è‚É£ $DPZ
6Ô∏è‚É£ $BCRX
7Ô∏è‚É£ $AMC
8Ô∏è‚É£ $GOOG
9Ô∏è‚É£ $MSS
üîü $FUND"
2023-10-02T20:28:00.000Z,@Stocktwits,GOOG,Neutral,0.8689803,"Top Trending stocks & crypto on Stocktwits this evening: 

1Ô∏è‚É£ $PLUG
2Ô∏è‚É£ $NEE
3Ô∏è‚É£ $RUN
4Ô∏è‚É£ $OXY
5Ô∏è‚É£ $MARA
6Ô∏è‚É£ $XLU
7Ô∏è‚É£ $CRSP
8Ô∏è‚É£ $V
9Ô∏è‚É£ $GOOG
üîü $ACGL"
2023-07-14T01:00:00.000Z,@MadMoneyOnCNBC,Microsoft,Neutral,0.8994077,"Palo Alto Networks‚Äô CEO Nikesh Arora discussed Microsoft‚Äôs entry into the cybersecurity sphere with @user on Thursday.
cnbc.com/2023/07/13/palo-alt‚Ä¶"
2023-09-15T13:14:00.000Z,@SquawkCNBC,MSFT,Positive,0.83544385,"""I am excited that lawmakers want to learn. It's super tough to regulate. So the question is is what kind of responsibility do you force onto the companies,"" says Fmr. $MSFT CEO @user on AI. ""I'm totally jumping out of my chair about what's possible with AI."""
2023-10-13T12:50:00.000Z,@SquawkCNBC,MSFT,Neutral,0.62124634,"""Do the concessions make it a less competitive company?"" @user asks $ATVI CEO @user after closing a deal with $MSFT.

""They've given up a lot but I think it will encourage competition."""
2023-09-26T20:20:00.000Z,@Stocktwits,AMZN,Neutral,0.8618173,"Top trending stocks on Stocktwits this evening:

1‚É£ $TGT
2‚É£ $COST
3‚É£ $SLNO
4‚É£ $AMZN
5‚É£ $UVXY"
2023-08-23T12:05:00.000Z,@SquawkCNBC,MSFT,Positive,0.5272419,"""I definitely think AI is a bubble,"" says @user ""There's been probably a million AI products that have launched and the only AI products that are really generating meaningful revenue are @user ChatGPT and GitHub's Co-Pilot and $MSFT has their hands in both of them."""
2023-08-22T11:09:00.000Z,@SquawkCNBC,MSFT,Neutral,0.6160136,"HAPPENING NOW:
- Gaming stocks up after $MSFT submits new deal to UK regulators
- $LOW shares up after beating earnings expectations
- $ZM on the rise after earnings and revenue beat expectations

@FrankCNBC breaks down this morning's stocks to watch:"
2023-07-26T15:54:00.000Z,@Stocktwits,MSFT,Positive,0.63538164,"Tough times ahead for $MSFT? 

Great look at the technicals here from @user"
2023-10-13T11:20:00.000Z,@SquawkCNBC,MSFT,Positive,0.61125994,"HAPPENING NOW:
- $ATVI purchase by $MSFT cleared by UK regulators
- $BLK earnings top estimates-
 $UNH shares on the rise after positive earnings report

@TheDomino breaks down this morning's market movers:"
2023-10-19T12:58:00.000Z,@SquawkCNBC,TSLA,Positive,0.5856204,"""Where is the world going when it comes to transportation? If it's not an electric world, then $TSLA's not going to get there. If it is, then the company is in a great position,"" says @user ""@Telsa's got a pole position. Other automotive makers are backing off on EVs."""
2023-07-26T11:13:00.000Z,@SquawkCNBC,MSFT,Neutral,0.56600875,"HAPPENING NOW: 

- $T profits top estimates 
-$SNAP shares plunge on weaker forecast 
-$GOOGL and $MSFT cloud results drive stock moves
@TheDomino breaks down the morning‚Äôs market movers."
2023-10-18T18:00:00.000Z,@Stocktwits,Tesla,Neutral,0.7317895,"Tesla is trading down today before earnings where the market expects to see an implied move of ~5% following the report.

Here‚Äôs a preview of $TSLA‚Äôs earnings estimates:"
2023-10-02T11:49:00.000Z,@SquawkCNBC,MSFT,Neutral,0.85631907,$MSFT CEO @user is set to testify today in $GOOGL's antitrust trial. @user joins with the latest:
2023-07-26T11:10:00.000Z,@SquawkCNBC,MSFT,Positive,0.88207895,"""With $GOOGL and $MSFT it's been clear over the first half and through the second half that they are able to navigate cyclical headwinds, cut costs in places and continue to invest,"" says @user Dan Flax. ""That will support stocks to drive further outperformance."""
2023-09-22T11:39:00.000Z,@SquawkCNBC,MSFT,Neutral,0.6957511,"HAPPENING NOW:
- $MCD to raise royalty fees for newly franchised restaurants
- UK regulators signal openness to $MSFT-$ATVI merger
- Recent IPOs $ARM $CART $KVYO still above offering prices

@TheDomino has the #MorningMovers:"
2023-07-26T10:09:00.000Z,@SquawkCNBC,MSFT,Negative,0.7095619,$MSFT shares are down after the company failed to provide specifics on when it would start selling its new AI tools. @user Steve Kovach joins with more:
2023-07-12T11:35:00.000Z,@SquawkCNBC,MSFT,Neutral,0.6090803,$MSFT and $ATVI scored a victory against @user Former FCC and DOJ official Jamillia Ferris explains what's next for the deal after a Federal judge rejected Chair Khan's bid to block the merger.
2023-07-05T11:24:00.000Z,@SquawkCNBC,MSFT,Neutral,0.63762575,"HAPPENING NOW:
- U.S. looks to restrict China access to cloud computing $AMZN, $MSFT, $GOOGL
- $RIVN shares jump after beating delivery estimates
- $NFLX up after @user upgrades to neutral

@TheDomino breaks down this morning's market movers:"
2023-10-03T12:41:00.000Z,@SquawkCNBC,Microsoft,Neutral,0.52508557,".@Microsoft will start selling its new AI tool, Copilot, for $30 a month starting in November. @user Steve Kovach joins to talk more about the AI-hype:"
2023-10-26T12:13:00.000Z,@SquawkCNBC,NVDA,Negative,0.5543749,"$INTC fell this week on news that $NVDA plans to compete in CPU chips, sparking concerns that new rivals with ARM designs could hamper Intel's turnaround efforts. Is @user in trouble? @user weighs in...twice #OTOH:"
2023-10-02T11:18:00.000Z,@SquawkCNBC,NVDA,Neutral,0.5692955,"HAPPENING NOW:
- $RIVN shares up after upgrade to ""outperform"" by Evercore
- $NVDA added to Goldman Sachs' conviction list
- $FDX slightly up after upgrade from Susquehanna

@FrankCNBC breaks down this morning's market movers:"
2023-10-10T17:34:00.000Z,@SquawkCNBC,TSLA,Neutral,0.42332235,".@DanielTNiles explains why he is shorting $TSLA:

""We think there's a lot of headwinds in the stock. It's done great this year and has pretty high valuation. I don't like companies where numbers are going to have to go down."""
2023-08-24T19:22:00.000Z,@SquawkCNBC,NVDA,Neutral,0.77167934,"Today's #SquawkPod: @user breaks down $NVDA's big earnings beat. Plus, @user breaks down the highlights of the GOP‚Äôs first presidential debate for the 2024 election. 

LISTEN: link.chtbl.com/squawk_pod"
2023-08-24T13:48:00.000Z,@Stocktwits,NVDA,Neutral,0.5639153,"Who was expecting the fade today at the open?

Brilliant analysis from Microm earlier in the week who is all over the $NVDA move."
2023-08-24T12:20:00.000Z,@Stocktwits,NVDA,Neutral,0.7215708,What's the least obvious but most important takeaway from $NVDA earnings?
2023-08-24T11:47:00.000Z,@SquawkCNBC,NVDA,Positive,0.79958874,"$NVDA reported exceptional earnings and guidance, surpassing analyst expectations. Is this indicative of lasting AI demand, or are we observing an AI bubble? @user weighs in...twice #OTOH"
2023-08-24T11:34:00.000Z,@SquawkCNBC,NVDA,Positive,0.7168144,"""We are at the start of a transformation of the computing industry. There has to be a rethinking of almost a trillion dollars of datacenter infrastructure out there and we think $NVDA is at the forefront,"" says @user Vivek Arya. ""We think we are in early stages."""
2023-08-24T11:11:00.000Z,@SquawkCNBC,NVDA,Positive,0.88315564,$NVDA shares are up after a blowout earnings report. @user joins with more:
2023-08-23T19:26:00.000Z,@Stocktwits,NVDA,Neutral,0.80253154,"Indexes all set to close up today.

Will $NVDA send us higher tomorrow or crash us down?"
2023-08-23T19:13:00.000Z,@Stocktwits,NVDA,Neutral,0.79989254,"Nearly 12,000 $700 call options expiring this Friday have traded in $NVDA so far leading up to their earnings tonight! 

Which one of you is trading these $NVDA options this far out of the money?"
2023-08-23T17:20:00.000Z,@Stocktwits,NVDA,Positive,0.6891072,"There is incredible energy on our $NVDA stream today.

The current sentiment within the community is ‚ÄúExtreme Fear‚Äù heading into earnings.

Do you agree with that sentiment or are you feeling greedy ahead of earnings?"
2023-08-23T14:41:00.000Z,@Stocktwits,NVDA,Positive,0.984723,Can't wait for this energy on our $NVDA stream later today
2023-08-23T11:16:00.000Z,@Stocktwits,NVDA,Positive,0.8022078,"Good Morning! 

All eyes will be on $NVDA earnings later today.

Here‚Äôs a look at their previous results and the estimates for this upcoming earnings."
2023-08-23T11:16:00.000Z,@SquawkCNBC,NVDA,Neutral,0.71733516,$NVDA set to report after the bell today. Focus will be on data center revenue and supply chains. @user joins with more:
2023-08-22T21:16:00.000Z,@Stocktwits,NVDA,Positive,0.93512166,"The best $NVDA analysis we've seen so far. 

If you aren't aware, Microm is a legend on the ST streams."
2023-08-22T11:42:00.000Z,@SquawkCNBC,NVDA,Positive,0.6525389,$NVDA is set to report results tomorrow. Numerous analysts have raised their earnings expectations and price targets ‚Äì some as high as $800. Keybanc Analyst John Vinh explains his price target raise from $550 to $620:
2023-09-26T17:25:00.000Z,@Stocktwits,TSLA,Neutral,0.8403983,What's the one EV company you would invest in that isn't $TSLA?
2023-09-01T12:29:00.000Z,@SquawkCNBC,NVDA,Neutral,0.5524545,"""I feel that there's been a loss of momentum more broadly for the tech space that includes $NVDA,"" says @user ""We feel that we would hold existing long positions but not adding exposure until we feel convinced that the corrective phase of the market is over."""
2023-09-20T20:17:00.000Z,@Stocktwits,TSLA,Positive,0.6127749,"As the entire market sells off post FOMC, we're paying close attention to the $TSLA price action. 

So far, this trendline remains undefeated."
2023-09-12T12:11:00.000Z,@SquawkCNBC,TSLA,Neutral,0.61517817,"HAPPENING NOW:
- $ORCL misses on revenues, posts disappointing forecast
- $TSLA pulls back after @user upgrade-fueled surge
- $CVS upgraded to buy at Wolfe Research

@TheDomino has the #MorningMovers:"
2023-09-12T00:49:00.000Z,@Stocktwits,TSLA,Negative,0.81080294,"What‚Äôs a worse experience, being short $TSLA or being a Jets fan?"
2023-09-11T18:33:00.000Z,@Stocktwits,TSLA,Neutral,0.54774106,"Fisker moving up 6% today as $TSLA lifts markets higher.

Which stock would you rather own for the long term?"
2023-09-11T16:15:00.000Z,@Stocktwits,TSLA,Positive,0.85818464,$TSLA leading the market higher as it climbs up to nearly +10% on the day.
2023-09-11T12:42:00.000Z,@Stocktwits,TSLA,Neutral,0.9318667,What will be the price of $TSLA stock at the end of this year?
2023-09-11T12:09:00.000Z,@Stocktwits,TSLA,Positive,0.93292296,"Good Morning!

Big move today from $TSLA following upgrade news from $MS that sees the stock at $400 due to their AI capabilities.

$TSLA +6% pre market"
2023-09-11T11:51:00.000Z,@SquawkCNBC,TSLA,Neutral,0.69659483,"HAPPENING NOW:
- $TSLA upgraded to overweight at @user 
- $SJM nears deal to buy $TWNK
- $ORCL higher ahead of Q1 report

@TheDomino has the #MorningMovers:"
2023-09-07T14:23:00.000Z,@Stocktwits,TSLA,Positive,0.63411283,Honda is the latest company to announce it will use $TSLA EV charging ports.
2023-08-29T19:59:00.000Z,@Stocktwits,TSLA,Neutral,0.82930636,Added $TSLA to watchlist ‚åöÔ∏è
2023-07-06T10:45:00.000Z,@SquawkCNBC,META ,Neutral,0.81173503,".@Meta launched its new Twitter-competitor, ""Threads,"" yesterday. @user @user and @user discuss if the new platform has what it takes to overcome @user @user"
2023-07-05T16:40:00.000Z,@Stocktwits,META ,Neutral,0.9345041,$META Will you be joining Threads tomorrow? nyti.ms/3XFw0M
2023-07-05T12:44:00.000Z,@SquawkCNBC,META ,Negative,0.6610106,"""Whether or not the stage is set to actually be disruptive and create a new Twitter, it's really hard. We'll see whether the community is there,"" says @user on $META's Twitter-alternative Threads. ""Bluesky does not seem to be a vibrant community."""
2023-07-11T11:34:00.000Z,@SquawkCNBC,AMZN,Neutral,0.6248608,"Black Friday is coming early this year. Today kicks off #AmazonPrimeDay, the e-commerce giant's Christmas in July. Forrester Research Retail Analyst Sucharita Kodali explains what the event means for $AMZN and the retail sector."
2023-08-22T12:25:00.000Z,@Stocktwits,TSLA,Neutral,0.90574294,BREAKING: New TA pattern discovered on the ST $TSLA stream.
2023-08-21T14:09:00.000Z,@Stocktwits,TSLA,Positive,0.960122,"Beautiful analysis and call on top of our $TSLA trending stream last night.

$TSLA is almost up 6% at the open üéØ"
2023-08-18T11:28:00.000Z,@SquawkCNBC,TSLA,Neutral,0.5694345,"HAPPENING NOW:
- $DE results top expectations
- $AMAT shares on the rise after earnings beat
- $TSLA down as $MS analysts weigh price cuts
- $XPEV shares plunge after reporting record loss

@TheDomino breaks down this morning's market movers:"
2023-08-17T12:27:00.000Z,@Stocktwits,TSLA,Neutral,0.5069189,Did Buffet make a mistake when he passed up investing in $TSLA?
2023-08-14T11:58:00.000Z,@Stocktwits,TSLA,Neutral,0.6128398,"$TSLA stock slipping down 2.5% in the pre market.

Interesting post at the top of our trending feed giving the bull case for what‚Äôs going on right now."
2023-07-25T12:45:00.000Z,@Stocktwits,TSLA,Positive,0.74115235,Is this the best $TSLA post of all time? @user
2023-07-24T21:06:00.000Z,@Stocktwits,TSLA,Positive,0.95258087,"Amazing call and chart from @user 

Currently the top post on the Stocktwits $TSLA stream."
2023-07-24T19:58:00.000Z,@Stocktwits,TSLA,Neutral,0.61573535,"The classic stock downgrade, but raised price target üôÑ

$TSLA +3.5% on the day

marketwatch.com/story/tesla-‚Ä¶"
2023-07-24T11:26:00.000Z,@SquawkCNBC,TSLA,Neutral,0.78236425,"HAPPENING NOW:
- $TSLA downgraded to neutral @user $NFLX upgraded to buy at @user $AXP downgraded to sell at @user 

@TheDomino has the #MorningMovers:"
2023-07-17T14:59:00.000Z,@Stocktwits,TSLA,Neutral,0.83136153,$TSLA ‚ö°Ô∏è
2023-07-11T14:08:00.000Z,@Stocktwits,TSLA,Neutral,0.8702783,"Which EV company, that isn't $TSLA, would you invest in?"
2023-07-07T19:55:00.000Z,@Stocktwits,TSLA,Positive,0.7129121,"Market turning ugly into the close today but still some bright spots throughout the week.

$NVDA and $TSLA doing their best to push us higher."
2023-07-07T14:59:00.000Z,@Stocktwits,TSLA,Positive,0.89611024,"it's feeling like an electric summer üöó‚ö°

1mo gains:
$RIVN +75%
$TSLA +10%
$GM +9%"
2023-07-07T11:27:00.000Z,@SquawkCNBC,TSLA,Neutral,0.7613084,"HAPPENING NOW:
- $TSLA offers new incentives to boost EV sales in China
- China will reportedly end its probe into $BABA's Ant Group
- $COST same-store sales fall in June

@TheDomino has the #MorningMovers:"
2023-07-05T19:03:00.000Z,@SquawkCNBC,TSLA,Neutral,0.8138649,"Today's #SquawkPod: @user currently in the middle of biographing @user discusses the role of social media in politics, Elon Musk‚Äôs role in news and democracy, and Musk‚Äôs leadership, both at @user and at $TSLA.

LISTEN: link.chtbl.com/squawk_pod"
2023-07-03T11:16:00.000Z,@SquawkCNBC,TSLA,Neutral,0.72915393,"HAPPENING NOW
- $TSLA shares rise after beating delivery expectations
- $AZN down after disappointing lung cancer drug trial
- $NFLX looks to revamp advertising strategy

@TheDomino breaks down this morning's market movers:"
2023-08-21T19:47:00.000Z,@Stocktwits,NVDA,Neutral,0.5277399,$NVDA Is crushing bears souls today
2023-08-21T16:02:00.000Z,@Stocktwits,NVDA,Neutral,0.5460877,"It has been a wild ride for $NVDA this month. 

What are your thoughts on the stock heading into earnings?"
2023-08-21T11:47:00.000Z,@Stocktwits,NVDA,Positive,0.9369857,"Good Morning folks!

It's going to be a light week of economic news with the Jackson Hole Economic Symposium being the most relevant item.

The big ticket stock event on our radar is $NVDA earnings that drop on Wednesday."
2023-08-21T11:33:00.000Z,@SquawkCNBC,NVDA,Neutral,0.65923023,"HAPPENING NOW:
- $PANW shares up after earnings beat
- $NVDA on the rise with expected earnings report this week
- $NSSC shares tank after reporting errors in Q3 release

@FrankCNBC breaks down this morning's market movers:"
2023-08-18T12:38:00.000Z,@SquawkCNBC,NVDA,Neutral,0.57713836,"""I own $NVDA, I think it's going to go higher,"" says @user @user ""You have to use a different playbook with stocks like $NVDA. We have gotten overbought, but that doesn't mean you sell it here."""
2023-08-15T11:15:00.000Z,@SquawkCNBC,NVDA,Neutral,0.80471003,"HAPPENING NOW:
- $HD beats earnings expectations
- $DFS dips after CEO steps down
- $NVDA target price boosted by @user and @user breaks down this morning's market movers:"
2023-08-14T22:44:00.000Z,@Stocktwits,NVDA,Positive,0.69405925,"In Today's DailyRip:

Individual Stocks *Steel* The Spotlight

It was a slow day in the markets as technology stocks rebounded sharply, led by semiconductor stocks like $NVDA."
2023-08-14T18:21:00.000Z,@Stocktwits,NVDA,Positive,0.8302094,"Epic call and analysis from @user on $NVDA today.

$NVDA +6%"
2023-08-14T11:14:00.000Z,@SquawkCNBC,NVDA,Neutral,0.79399973,"HAPPENING NOW:
- $X shares up after rejecting offer from $CLF
- $NVDA names a top pick by @user 
- $WMT added to tactical outperform list by Evercore

@TheDomino breaks down this morning's market movers:"
2023-07-28T11:13:00.000Z,@SquawkCNBC,NVDA,Negative,0.6845819,"""The challenge @user faces is that it's harder to grow because the portfolio isn't aligned with parts of the semiconductor market that is growing,"" says BofA's Vivek Arya. ""$INTC is geared towards PCs and not enough towards AI where their pipeline pales in comparison to $NVDA."""
2023-07-12T12:44:00.000Z,@SquawkCNBC,NVDA,Neutral,0.6277635,"HAPPENING NOW:
- $NVDA named top pick at @user 
- $DKNG shares gain after upgrade at @user $JPM downgraded to neutral at @user breaks down this morning's market movers:"
